clip_id,gloss,gloss_sequence,text,signer_id,fps,source,pseudo_weight
clip_0001,WELCOME,WELCOME NEWS UNTIL FINISH STAY TOGETHER,Welcome to our news bulletin. Stay with us from now until the end.,signer_UNK01,30.0,expert_vocab_example_draft_order,0.4
clip_0002,DEMAND,DEMAND PROBLEM EDUCATION SOLVE QUICK BLAME ISSUE,"The Anglican Church in Kenya is now calling on the government to urgently address the dispute surrounding SHA health insurance, together with the turmoil in the education sector in this country. The churches are blaming the government for playing games with issues—",signer_UNK01,30.0,expert_vocab_example_draft_order,0.4
clip_0003,IMPORTANT,IMPORTANT AFFECT HOSPITAL PRIVATE SERVICE FAIL STRIKE WEEK,"—important ones that concern Kenyans. The churches are saying this while medical services through SHA are faltering in private hospitals, and university lecturers continue their strike for a second week. Ben Kirui begins—",signer_UNK01,30.0,expert_vocab_example_draft_order,0.4
clip_0005,MEETING,MEETING CLOSE THINK NATION SITUATION,"It was the closing of the 27th synod of the clergy of the Anglican Church in Kenya, where the church reflected in prayer on the state of the nation.",signer_UNK01,30.0,expert_vocab_example_draft_order,0.4
clip_0006,RAISE,RAISE,"And after that two-day meeting, the church raised several issues affecting the country.",signer_UNK01,30.0,expert_vocab_example_draft_order,0.4
clip_0007,DIFFICULT,DIFFICULT FIRST WORRY STOP PATIENT,"The contentious matter of the SHA social health insurance was given priority, with the church expressing concern about the current confusion that has caused private health facilities to suspend services for patients under SHA. 'We demand—'",signer_UNK01,30.0,expert_vocab_example_draft_order,0.4
clip_0008,ORGANISE,ORGANISE SELF PAY CAN,"'—with Kenyans, that SHA puts her house in order and prioritises payment of funds owed to all hospitals to enable them to continue offering services.'",signer_UNK01,30.0,expert_vocab_example_draft_order,0.4
clip_0009,GROW,GROW LEADER PLUS LATE DANGER,"The ongoing lecturers' dispute is also raising fears about the education sector in the country. Church leaders described the strike, along with the delay in capitation funds for schools, as a danger to—",signer_UNK01,30.0,expert_vocab_example_draft_order,0.4
clip_0010,GOOD,GOOD REACH CANNOT ACT,'—learning. Delayed capitation coupled with unaffordable education is putting quality education and general access beyond the reach of many. Government must swiftly act to address the—',signer_UNK01,30.0,expert_vocab_example_draft_order,0.4
clip_0011,COMPLAIN,COMPLAIN ALWAYS MONTH PASS OPEN TERM THREE LAST SHORT STILL,"'—lecturers' grievances and solve this perennial problem once and for all.' It is now one month since schools opened for the third and final term of the academic year, but there is still a severe shortage—",signer_UNK01,30.0,expert_vocab_example_draft_order,0.4
clip_0012,BUY,BUY SYSTEM CORRUPTION LISTEN GOVERNOR,"—of funds. The Anglican Church also spoke about the new electronic government procurement system, praising the move as a way to curb corruption. Church leaders further asked the government to take seriously the complaints of the council of—",signer_UNK01,30.0,expert_vocab_example_draft_order,0.4
clip_0013,GROUP,GROUP TREASURY NATIONAL,"—governors. The governors have asked the National Treasury to halt implementation of that system, saying it was rushed before existing challenges were addressed.",signer_UNK01,30.0,expert_vocab_example_draft_order,0.4
clip_0014,REFUSE,REFUSE ANSWER AGREE,"'However, it is essential that the resistance and concerns by governors be addressed in the interest of promoting buy-in. It is important that such matters be addressed exhaustively.'",signer_UNK01,30.0,expert_vocab_example_draft_order,0.4
clip_0015,ECONOMY,ECONOMY,The state of the economy was also not left out by the ACK.,signer_UNK01,30.0,expert_vocab_example_draft_order,0.4
clip_0016,ESPECIALLY,ESPECIALLY HOPE LOSE JOB,"The church expressed fear about citizens, especially young people, losing hope because of the high level of unemployment.",signer_UNK01,30.0,expert_vocab_example_draft_order,0.4
clip_0018,WRONG,WRONG COMPANY RESEARCH MOST,"And as that was happening, 57% of Kenyans say the country is heading in the wrong direction, while 17% are satisfied with the country's direction. This is according to a survey by the research firm Infotrak, which says most Kenyans—",signer_UNK01,30.0,expert_vocab_example_draft_order,0.4
clip_0019,HIGH,HIGH GOVERN BAD,—complain about the high cost of living and unemployment caused by poor governance. Miriam Nyambura reports.,signer_UNK01,30.0,expert_vocab_example_draft_order,0.4
clip_0020,TODAY,TODAY RELEASE BELIEVE,"The latest Infotrak survey released today shows that 57% of Kenyans believe the country's direction is not right, with 17% satisfied with how the country is being governed. The survey was conducted in the month of—",signer_UNK01,30.0,expert_vocab_example_draft_order,0.4
clip_0021,JOIN,JOIN,"—August this year, involving 2,400 Kenyans across the country.",signer_UNK01,30.0,expert_vocab_example_draft_order,0.4
clip_0022,PAST,PAST SPREAD WIDE,'In September last year it was at 50%. Of course we can see there is a widespread—',signer_UNK01,30.0,expert_vocab_example_draft_order,0.4
clip_0024,CAUSE,CAUSE,"—the high cost of living has contributed greatly to this situation. 30% of Kenyans believe unemployment is among the contributing causes, while 15% of Kenyans believe the situation—",signer_UNK01,30.0,expert_vocab_example_draft_order,0.4
clip_0026,VERY,VERY,'—living is quite high.',signer_UNK01,30.0,expert_vocab_example_draft_order,0.4
clip_0027,MEET,MEET SEVEN,"'If you meet 10 Kenyans, seven of them will talk about the high cost of living.'",signer_UNK01,30.0,expert_vocab_example_draft_order,0.4
clip_0028,SERIOUS,SERIOUS COMPARE COST ELECTION REASON HEALTH,"'That's how severe it is. Then of course it's even higher if you compare it with last year.' The high cost of education emerged as a major factor in the 2025 election, surpassing health issues—",signer_UNK01,30.0,expert_vocab_example_draft_order,0.4
clip_0030,MINISTER,MINISTER SECURITY OFFICER DIE TELL ANNOUNCE DIFFERENT,"Interior Cabinet Secretary Kipchumba Murkomen has now said the family of the officer in Haiti was informed of their relative's death, and that the confusion over the death announcement made by President William Ruto was caused by a difference in—",signer_UNK01,30.0,expert_vocab_example_draft_order,0.4
clip_0031,EXPLAIN,EXPLAIN,"—timing. This comes after the family of the officer, Benedict Kabiru, claimed the government had not informed them of his death. Lorna Otieno tells us more. '—to the Kenyan officers.' Two days after President William Ruto—",signer_UNK01,30.0,expert_vocab_example_draft_order,0.4
clip_0033,CONFIRM,CONFIRM INCLUDE EARLY MISSING,"Interior Cabinet Secretary Kipchumba Murkomen has also confirmed those deaths, including officer Benedict Kabiru, who was declared missing earlier this year.",signer_UNK01,30.0,expert_vocab_example_draft_order,0.4
clip_0035,VISIT,VISIT PUBLIC,'The National Police Service visited his family yesterday. It may have been— I saw some people raised concern that the message from the president went public before his family was visited.',signer_UNK01,30.0,expert_vocab_example_draft_order,0.4
clip_0036,TEAM,TEAM SEND MATCH,"'When that news was confirmed, the National Police Service dispatched a team to visit the family, but the synchronisation of time made it such that by the time the president was making the statement, I think our—'",signer_UNK01,30.0,expert_vocab_example_draft_order,0.4
clip_0038,STRONG,STRONG OPPOSITION,"Despite President William Ruto describing the financial challenges facing the officers in Haiti, Murkomen said the officers have committed themselves to demonstrating Kenya's strength, and dismissed claims from the opposition that—",signer_UNK01,30.0,expert_vocab_example_draft_order,0.4
clip_0039,DECISION,DECISION CAREFUL PARLIAMENT SUPPORT,"—the government erred in sending those officers. 'This was a conscious decision made by the government of Kenya with the support of its parliament, made by the president with the support of the executive, with the parliament—'",signer_UNK01,30.0,expert_vocab_example_draft_order,0.4
clip_0041,SECRET,SECRET,"'So no one should tell you that it was a clandestine decision between one or two people. This was a whole-government decision, with great support from our security council, security architecture—'",signer_UNK01,30.0,expert_vocab_example_draft_order,0.4
clip_0043,BODY,BODY BRING,So far the government has confirmed the deaths of three officers in the contingent deployed to Haiti. The police service has said the body of one deceased officer will be brought into the country on—,signer_UNK01,30.0,expert_vocab_example_draft_order,0.4
clip_0044,FRIDAY,FRIDAY,"—Friday. Lorna, Citizen TV.",signer_UNK01,30.0,expert_vocab_example_draft_order,0.4
clip_0045,ARREST,ARREST FLAG,"[Music] The Directorate of Criminal Investigations has confirmed the arrest of Ibrahim Haida Yusuf, one of the young men captured in phone photos disrespecting the Kenyan flag last weekend during a match between—",signer_UNK01,30.0,expert_vocab_example_draft_order,0.4
clip_0046,VERSUS,VERSUS PLACE,—Mogadishu City and Police FC at Nyayo.,signer_UNK01,30.0,expert_vocab_example_draft_order,0.4
clip_0047,AGE,AGE HOUR FEW CHIEF ORDER SEARCH,"Ibrahim, aged 17, was arrested just hours after Inspector General of Police Douglas Kanja ordered DCI Director Mohammed Amin to hunt down and arrest all those captured disrespecting the national flag. Kamau Mwangi now—",signer_UNK01,30.0,expert_vocab_example_draft_order,0.4
clip_0048,SUSPECT,SUSPECT FAN,—reports. Ibrahim Haida Yusuf is the first suspect caught by DCI detectives following these phone photos that spread online showing him and another fan of the Mogadishu FC team—,signer_UNK01,30.0,expert_vocab_example_draft_order,0.4
clip_0049,ANGRY,ANGRY EVENT,"—stepping on and disrespecting the Kenyan flag. [ASR garbled] The arrest of Ibrahim, aged 17, comes after Kenyans protested, demanding that the two be held to account following that incident of—",signer_UNK01,30.0,expert_vocab_example_draft_order,0.4
clip_0050,SATURDAY,SATURDAY STADIUM,—last Saturday during the match between Kenya's Police FC and Somalia's Mogadishu City at Nyayo Stadium.,signer_UNK01,30.0,expert_vocab_example_draft_order,0.4
clip_0051,SECOND,SECOND COURT NEIGHBOUR SPOIL,"Interior Cabinet Secretary Kipchumba Murkomen, who confirmed that the search continues for the second fan, says they will answer the charge of desecration personally, after the incident threatened diplomatic relations between these neighbouring—",signer_UNK01,30.0,expert_vocab_example_draft_order,0.4
clip_0052,RESPONSIBLE,RESPONSIBLE,—nations. 'The two young men who were involved in that act of desecration of our national flag are personally responsible. The government and the people of Somalia are—',signer_UNK01,30.0,expert_vocab_example_draft_order,0.4
clip_0053,LAW,LAW PART ANY ACTION FLY,"'—not responsible at all.' Section 2 of Kenya's National Flag, Emblems and Names Act prohibits any person from disrespecting them by action or even by speech; the flag should be flown high.",signer_UNK01,30.0,expert_vocab_example_draft_order,0.4
clip_0055,PARTY,PARTY SMALL HAPPEN CONDEMN PEACE KEEP SPEAK,"The chairman of the Independent Electoral and Boundaries Commission, IEBC, Erastus Ethekon, has strongly condemned the violence witnessed yesterday in the ODM party primaries in Kasipul constituency, urging Kenyans to maintain peace during those polls. Speaking when he appeared—",signer_UNK01,30.0,expert_vocab_example_draft_order,0.4
clip_0056,CONSTITUTION,CONSTITUTION COMMISSION PLAN MILLION FOUR REGISTER,"—before the parliamentary Committee on Implementation of the Constitution, Ethekon also said the commission has put in place plans to register more than four million young people to take part in the 2027 general—",signer_UNK01,30.0,expert_vocab_example_draft_order,0.4
clip_0057,CHAOS,CHAOS DESTROY,"—election. Emmanuel Tor reports, referring to the chaos, disorder and destruction witnessed on Wednesday in the primary election—",signer_UNK01,30.0,expert_vocab_example_draft_order,0.4
clip_0059,WARN,WARN,IEBC chairman Erastus Ethekon warned Kenyans against disrupting the peace.,signer_UNK01,30.0,expert_vocab_example_draft_order,0.4
clip_0060,REPLACE,REPLACE POLITICS RULE,"'Elections, whether party primaries or the general elections or the by-elections, must be free from violence, must be free from intimidation.' Ethekon called on political parties to ensure that their party rules—",signer_UNK01,30.0,expert_vocab_example_draft_order,0.4
clip_0061,FOLLOW,FOLLOW,—are followed in that process. 'We ask the political parties to enforce those codes of conduct. We urge caution. We urge people to be calm. We urge people to give Kenyans a fair—',signer_UNK01,30.0,expert_vocab_example_draft_order,0.4
clip_0062,CHANCE,CHANCE EQUAL RIGHT VOTE FREE CHOOSE FUTURE,'—playing ground for them to exercise their rights to freely choose their leaders.' The coming by-elections—,signer_UNK01,30.0,expert_vocab_example_draft_order,0.4
clip_0063,BUDGET,BUDGET ENOUGH,"'Are you prepared? Have you procured materials, and do you have the necessary budget to support you?'",signer_UNK01,30.0,expert_vocab_example_draft_order,0.4
clip_0064,TRY,TRY HARD READY,"'So we made spirited efforts and appeals and meetings with the Treasury, and the financing for the by-elections is there.'",signer_UNK01,30.0,expert_vocab_example_draft_order,0.4
clip_0065,VOTER,VOTER AIM NEXT,"The IEBC announced plans to register 6.3 million new voters, with young people especially targeted in the exercise, which begins next Monday in Kajiado County. 'And we invite therefore all—'",signer_UNK01,30.0,expert_vocab_example_draft_order,0.4
clip_0066,COME,COME PREPARE,"'—the eligible voters who have IDs or passports to come in large numbers and register, so that we prepare for the 2027 general elections.'",signer_UNK01,30.0,expert_vocab_example_draft_order,0.4
clip_0067,OR,OR,'These 6.3 million are the people who either have an ID or have already applied for one.',signer_UNK01,30.0,expert_vocab_example_draft_order,0.4
clip_0068,TRUST,TRUST FULL,'The new commission should be strongly supported so that we have full public confidence in the commission.',signer_UNK01,30.0,expert_vocab_example_draft_order,0.4
clip_0069,CONSTITUENCY,CONSTITUENCY NEED,"The IEBC has also signalled it may fail to review constituency boundaries before the 2027 general election, saying the exercise would take roughly two to three years. The Independent Electoral and Boundaries Commission is now moving to ensure—",signer_UNK01,30.0,expert_vocab_example_draft_order,0.4
clip_0072,AGAIN,AGAIN AREA FEAR LAND DISPUTE ARRIVE REMOVE WATCH,Once again fear has gripped residents of Imbolot in the Transmara area over a land dispute there. This is after lorries carrying security officers arrived in the area to oversee the eviction of—,signer_UNK01,30.0,expert_vocab_example_draft_order,0.4
clip_0073,NEAR,NEAR LOCAL BOTH,"—residents. That farm of more than 400 acres, bordering the Maasai Mara game reserve, has been contested between local residents and businesspeople who say the piece of land is theirs. Crispin has been in the—",signer_UNK01,30.0,expert_vocab_example_draft_order,0.4
clip_0075,EIGHT,EIGHT SOUTH WEAPON CARRY INSIDE LIVE PROTECT,"For more than eight months, young men from the Keringani area of Imbolot in Transmara South have been arming themselves and living inside these bushes in order to protect what they call—",signer_UNK01,30.0,expert_vocab_example_draft_order,0.4
clip_0077,THURSDAY,THURSDAY MORNING FIVE,But on Thursday morning more than five lorries full of police officers and anti-riot officers arrived here to begin the process of fencing that disputed farm. Residents did not know—,signer_UNK01,30.0,expert_vocab_example_draft_order,0.4
clip_0080,NIGHT,NIGHT LEAVE COMMUNITY BELONG,"The residents, who have been mounting a heavy guard night and day using their weapons here, had no choice but to leave without causing chaos. But they say this farm has been community land—",signer_UNK01,30.0,expert_vocab_example_draft_order,0.4
clip_0081,FOR,FOR,—for many years. 'It is a farm that was set aside in 1992 to be part of the community. But unfortunately a few of us managed to collude and were able to sell—',signer_UNK01,30.0,expert_vocab_example_draft_order,0.4
clip_0082,HOW,HOW,'So we want to appeal to the government: the police have been sent here without court orders — we do not know how they came.',signer_UNK01,30.0,expert_vocab_example_draft_order,0.4
clip_0083,PROMISE,PROMISE TAKE,These residents have vowed to take further action.,signer_UNK01,30.0,expert_vocab_example_draft_order,0.4
clip_0084,FORCE,FORCE RETURN KNOW,"'And let me also thank the OCPD of this area, because he has not used force. He came through a diplomatic route. Please come and help us; let us talk so we know how you will return the community's land, because—'",signer_UNK01,30.0,expert_vocab_example_draft_order,0.4
clip_0087,CLEAR,CLEAR,"—of police for Transmara South, Eric Telewa, has made clear the reason for the security officers' arrival in that area.",signer_UNK01,30.0,expert_vocab_example_draft_order,0.4
clip_0088,OWNER,OWNER OFFICE TRUE,"'The owner here had brought a request to our office that there are people who have invaded his farm. We came, and when we came we found it was true there were young men inside, but we engaged them, we talked, we went through—'",signer_UNK01,30.0,expert_vocab_example_draft_order,0.4
clip_0089,ROAD,ROAD,"'—dialogue, and they saw the importance of taking the legal route.' Crispin, Citizen TV.",signer_UNK01,30.0,expert_vocab_example_draft_order,0.4
clip_0090,ALMOST,ALMOST CHILD MINISTRY,"[Music] Nearly half of women of reproductive age have no desire to have children, according to a Ministry of Health survey. The report, released ahead of the day marking the importance of family planning—",signer_UNK01,30.0,expert_vocab_example_draft_order,0.4
clip_0091,METHOD,METHOD USE,"—has also shown that many women now use various family planning methods, as Brenda Wanga reports.",signer_UNK01,30.0,expert_vocab_example_draft_order,0.4
clip_0092,WORLD,WORLD DECIDE,"As the nation prepares to mark World Contraception Day, a survey has been released by the Ministry of Health showing that a large number of women of reproductive age have decided—",signer_UNK01,30.0,expert_vocab_example_draft_order,0.4
clip_0093,ACCEPT,ACCEPT NUMBER REDUCE,—to embrace family planning. This reduces the number of women who want children.,signer_UNK01,30.0,expert_vocab_example_draft_order,0.4
clip_0094,DATA,DATA,"'From our data you can see that for 46% of the women, the women do not require more children.'",signer_UNK01,30.0,expert_vocab_example_draft_order,0.4
clip_0095,BIRTH,BIRTH SPACE,"'30% still do not require children now, but they want to space births.'",signer_UNK01,30.0,expert_vocab_example_draft_order,0.4
clip_0096,TOTAL,TOTAL,'Therefore this gives 76% of the population who require contraception — that is family planning.',signer_UNK01,30.0,expert_vocab_example_draft_order,0.4
clip_0097,GIRL,GIRL YOUNG PREGNANT,The ministry has also announced that family planning decisions among women have changed because of the different methods available. But the problem of adolescent girls becoming pregnant remains a concern.,signer_UNK01,30.0,expert_vocab_example_draft_order,0.4
clip_0098,YES,YES,"'Yes, our children are getting pregnant, and the pregnancy rates are different in different parts of the country.'",signer_UNK01,30.0,expert_vocab_example_draft_order,0.4
clip_0099,SOME,SOME,'You can see some who cited—',signer_UNK01,30.0,expert_vocab_example_draft_order,0.4
clip_0104,LEAD,LEAD,"Nyeri, Kirinyaga and Embu counties lead in the number of women using family planning methods, at more than 70%, while the counties of Tana River, West Pokot, Samburu, Isiolo—",signer_UNK01,30.0,expert_vocab_example_draft_order,0.4
clip_0106,MEAN,MEAN,"And the counties of Mandera, Wajir, Marsabit and Garissa are ranked last in the number of women practising family planning, with only between zero and 14% using it. This also means that—",signer_UNK01,30.0,expert_vocab_example_draft_order,0.4
clip_0108,FAR,FAR,"—far-flung areas. Brenda Wanga, Citizen TV.",signer_UNK01,30.0,expert_vocab_example_draft_order,0.4
clip_0109,BREAK,BREAK GO,"Now, viewer, after that report we go for a short break, but when we return, more news.",signer_UNK01,30.0,expert_vocab_example_draft_order,0.4
clip_0110,MURDER,MURDER GUN RECORD EVIDENCE LAWYER THROUGH,"Welcome back. The police service now wants the court hearing the Rex Masai murder case to overturn the ruling that ordered the firearms issue register to be produced and copied as evidence. Through its lawyers, the—",signer_UNK01,30.0,expert_vocab_example_draft_order,0.4
clip_0111,AGAINST,AGAINST,—police service says that ruling was contrary to the law and violated rules on disclosing information about security equipment. Our reporter Gatete Njoroge reports.,signer_UNK01,30.0,expert_vocab_example_draft_order,0.4
clip_0112,FEEL,FEEL EXPECT PROSECUTION,"'There are issues which have been raised here that we feel that—' The court session hearing the Rex Masai murder case was expected to continue today but did not, after the prosecution asked for more time—",signer_UNK01,30.0,expert_vocab_example_draft_order,0.4
clip_0113,FILE,FILE STUDY,—to consider the request from the police service filed by their lawyers.,signer_UNK01,30.0,expert_vocab_example_draft_order,0.4
clip_0116,HAND,HAND SINCE,"The armourer at Central Police Station, Frederick Okapesi, said in his affidavit that the firearms records have been in IPOA's hands since the start of the case, after the court issued—",signer_UNK01,30.0,expert_vocab_example_draft_order,0.4
clip_0118,MAYBE,MAYBE,"Okapesi says he had opposed that move, fearing the records might be interfered with or altered. The police service says Okapesi's objection was not [recorded]—",signer_UNK01,30.0,expert_vocab_example_draft_order,0.4
clip_0120,SIDE,SIDE WITNESS MAKE,"—police firearms. The police side says the ruling was made without obtaining permission from the witness, leading him to give evidence that was not under his authorisation—",signer_UNK01,30.0,expert_vocab_example_draft_order,0.4
clip_0122,QUESTION,QUESTION FACE HIDE,"Okapesi, who gave evidence on 1 September, faced questions about discrepancies in the firearms register and admitted errors, saying it was not a scheme to hide the truth. The court has ordered the case—",signer_UNK01,30.0,expert_vocab_example_draft_order,0.4
clip_0123,HEAR,HEAR,"—to be heard on 30 October, to give all sides time to respond to the police service. The prosecution has three remaining witnesses expected to give—",signer_UNK01,30.0,expert_vocab_example_draft_order,0.4
clip_0125,INVESTIGATION,INVESTIGATION MAN ATTACK,"Gatete Njoroge, Citizen TV. And police officers in the Belgut area of Kericho County have launched an investigation into an incident in which a man attacked three members of one family—",signer_UNK01,30.0,expert_vocab_example_draft_order,0.4
clip_0126,KILL,KILL,"—and killed them. After carrying out those killings, the suspect, Evans Kiprono, was attacked by residents and also killed.",signer_UNK01,30.0,expert_vocab_example_draft_order,0.4
clip_0127,CRIME,CRIME,"This incident also left residents stunned, unable to understand how the suspect decided to carry out such a crime.",signer_UNK01,30.0,expert_vocab_example_draft_order,0.4
clip_0129,THEN,THEN MOTHER,"'He started with his stepmother, then tried to kill the child but could not. Later he grabbed the mother—'",signer_UNK01,30.0,expert_vocab_example_draft_order,0.4
clip_0130,HOLD,HOLD LOOK,"'—who was holding a child. As he was able, he hacked that mother repeatedly and she died.' Let us look at the issue of young people, and this—",signer_UNK01,30.0,expert_vocab_example_draft_order,0.4
clip_0134,FOREST,FOREST FIND ENTER,"The post-mortem exercise on the bodies and body parts recovered from Binzaro forest in Kilifi County has entered its second day. Nine bodies have so far been examined. According to Chief Government Pathologist Johansen Oduor, one body—",signer_UNK01,30.0,expert_vocab_example_draft_order,0.4
clip_0135,HEAD,HEAD,—was found to have head injuries.,signer_UNK01,30.0,expert_vocab_example_draft_order,0.4
clip_0136,REPORTER,REPORTER,Our Mombasa correspondent Francis Mtalaki now reports.,signer_UNK01,30.0,expert_vocab_example_draft_order,0.4
clip_0137,UNIT,UNIT,"That post-mortem exercise, run by government pathologist Johansen Oduor in collaboration with detectives from the DCI homicide investigation unit, has examined nine bodies—",signer_UNK01,30.0,expert_vocab_example_draft_order,0.4
clip_0139,DEATH,DEATH,"Officers leading this exercise have said eight of the bodies were skeletal, and it was difficult to establish what caused the deaths from the bones and body parts found. However, further investigation is expected—",signer_UNK01,30.0,expert_vocab_example_draft_order,0.4
clip_0141,RESULT,RESULT WAIT,"That exercise, taking place at the Malindi mortuary, is expected to continue tomorrow, according to Chief Government Pathologist Johansen Oduor, while police say they are considering incorporating the post-mortem findings before—",signer_UNK01,30.0,expert_vocab_example_draft_order,0.4
clip_0142,CHARGE,CHARGE SIX,"—charging the main suspect, Shalina Nindo, along with other suspects who remain in custody. Yesterday the team conducted post-mortems on six bodies, bringing the number of bodies—",signer_UNK01,30.0,expert_vocab_example_draft_order,0.4
clip_0143,SICK,SICK,"—examined to 15, including another body found to have suffered lung disease and died. Francis Mtalaki, Citizen TV.",signer_UNK01,30.0,expert_vocab_example_draft_order,0.4
clip_0144,DEPUTY,DEPUTY DEVELOP,"And Deputy President Kithure Kindiki has urged leaders from the north-eastern region to maintain peace in order to enable development in that area. Speaking at Irunduki, in Tharaka Nithi, after meeting more than—",signer_UNK01,30.0,expert_vocab_example_draft_order,0.4
clip_0146,INFRASTRUCTURE,INFRASTRUCTURE,—that more infrastructure and development are achieved.,signer_UNK01,30.0,expert_vocab_example_draft_order,0.4
clip_0147,PROJECT,PROJECT THEREFORE PUSH,"'—those projects are continuing; other development in Kenya is continuing, even in Isiolo it is continuing. [Cheering] And that is why I urge you: let us live in peace and push our development forward—'",signer_UNK01,30.0,expert_vocab_example_draft_order,0.4
clip_0151,SPORT,SPORT,"—when we return, sports news. In sport, the national volleyball team, with five debutant players—",signer_UNK01,30.0,expert_vocab_example_draft_order,0.4
clip_0152,CHAMPION,CHAMPION SET,"—has begun the World Cup tournament with mixed results in Nayarit, Mexico. In the first match Kenya lost to two-time world champions Cuba in straight sets—",signer_UNK01,30.0,expert_vocab_example_draft_order,0.4
clip_0153,WIN,WIN,They came back and beat South Korea in straight sets.,signer_UNK01,30.0,expert_vocab_example_draft_order,0.4
clip_0154,TONIGHT,TONIGHT PLAY,"Tonight Kenya will face Spain, where a win will take them into the knockout stage. 'The first game we were not able to understand the pitch—'",signer_UNK01,30.0,expert_vocab_example_draft_order,0.4
clip_0156,PURPOSE,PURPOSE THAT,'—came here to do.',signer_UNK01,30.0,expert_vocab_example_draft_order,0.4
clip_1005,PRICE,PRICE,"the young, the brave youth who dared to speak the truth to power and paid the ultimate prize. Today's interdenominational service united voices across",signer_UNK02,30.0,expert_vocab_example_draft_order,0.4
clip_1029,BULLET,BULLET,one inquest we want to suggest here the inquest be done for all the Kenyans who have been failed by the police bullets president The ultimate security,signer_UNK02,30.0,expert_vocab_example_draft_order,0.4
clip_1055,KEY,KEY,outrage and exposed the raw frustrations of a generation demanding change. An inquest into his death is still ongoing with key,signer_UNK02,30.0,expert_vocab_example_draft_order,0.4
clip_2000,VILLAGE,VILLAGE TREATMENT,to today panic and fear has hit Villages of Amaro nyab and nyiro in southern Murango with tens of residents flocking hospitals seeking treatment most health,signer_YN,30.0,expert_vocab_example_draft_order,0.4
clip_2001,DISEASE,DISEASE,most health facilities are overwhelmed as you can imagine as you'll hear now from Brenda Wanga the Ministry of Health says it is working to determine what the disease is and how to help the,signer_YN,30.0,expert_vocab_example_draft_order,0.4
clip_2002,DAUGHTER,DAUGHTER HER,affected a visibly weakened bet K rubo is amongst the latest victims of an unknown disease that is spreading fast in South Mango's Villages of nyaro nyab and nyiro her daughter too is suffering the,signer_YN,30.0,expert_vocab_example_draft_order,0.4
clip_2005,EYE,EYE MOVE,terate right before our eyes and soon enough it necessitates a quick evacuation to a local health facility care a few meters away another family of seven are nursing their illnesses at,signer_YN,30.0,expert_vocab_example_draft_order,0.4
clip_2011,HEAVY,HEAVY,health facilities in these areas are now straining under the weight,signer_YN,30.0,expert_vocab_example_draft_order,0.4
clip_2018,CRISIS,CRISIS,the government maintains that it has responded to the unfolding,signer_YN,30.0,expert_vocab_example_draft_order,0.4
clip_2019,GROUND,GROUND,to the unfolding crisis uple we have already sent our officers on the ground they are working,signer_YN,30.0,expert_vocab_example_draft_order,0.4
clip_2023,POSITION,POSITION,chided sections of the Christian church in Kenya over its stance on donations from politicians this as the president gave get this,signer_YN,30.0,expert_vocab_example_draft_order,0.4
clip_2026,CONGREGATION,CONGREGATION,analogies President William Ruto finally spoke on his administration's struggling Healthcare program admitting to the congregation that all was not well with the social health authority it is the,signer_YN,30.0,expert_vocab_example_draft_order,0.4
clip_2028,STATE,STATE,believe you me and wopping in the Divine the president kept his reassurances coming the head of statea invoked God's name as he claimed,signer_YN,30.0,expert_vocab_example_draft_order,0.4
clip_2044,WITH,WITH,formalization of his political p with President William rut odinga who met the president less than a week ago has demanded that the Kenya Kwanza government must address the challenges ranging from,signer_YN,30.0,expert_vocab_example_draft_order,0.4
clip_2049,BLOCK,BLOCK,in the education sector Tri bolism unemployment rate and Devolution that he says have continued to chold progress in the two and a half years of the administration's leadership,signer_YN,30.0,expert_vocab_example_draft_order,0.4
clip_2055,CLAIM,CLAIM,may include claiming a greater stake in president rut Kenya Kwanza government Francis Citizen TV Mombasa and still on abductees families and friends of abductees gathered at the AIC casin Church in,signer_YN,30.0,expert_vocab_example_draft_order,0.4
clip_2056,LOVE,LOVE,Church in mulongo today for a solemn service clinging to Hope amid heartbreak 17 families are still searching for loved ones who vanished under mysterious circumstances during the Gen Z protest back in June,signer_YN,30.0,expert_vocab_example_draft_order,0.4
clip_2058,LONG,LONG,continues take a listen of Agony that's how long Emmanuel Mura's family has been waiting for answers since his disappearance on June 25th of 2024 his mother,signer_YN,30.0,expert_vocab_example_draft_order,0.4
clip_2059,SON,SON,his mother suzan wangare clings to Hope believing her 25y old son is still alive,signer_YN,30.0,expert_vocab_example_draft_order,0.4
clip_2070,JUSTICE,JUSTICE MEDIA,international crime against humanity they decry the slow will of Justice frustrated by the lack of arrest a month ago that we had the mulongo 4 issue on all media,signer_YN,30.0,expert_vocab_example_draft_order,0.4
clip_2075,BORDER,BORDER,Nairobi more than 20 people from toyang inana County are still missing one week after the Horror Attack on Fisher folk along the Kenya,signer_YN,30.0,expert_vocab_example_draft_order,0.4
clip_2076,RESCUE,RESCUE EXPERT RECOVER MISSION,the Kenya Ethiopia border Kenya Red Cross says eight people have so far been rescued from the troubled waters and reunited with their families with expert divers on Specialized boats still undertaking a search and Recovery Mission,signer_YN,30.0,expert_vocab_example_draft_order,0.4
clip_2078,NORTH,NORTH,attack in toyang turana North the Kenya red Cru has intensified its search and Recovery mission in Lake turana rescuing eight people who are reportedly hiding in the Reids within the lake in fear of the scathing attack,signer_YN,30.0,expert_vocab_example_draft_order,0.4
clip_2083,BETWEEN,BETWEEN,the intermittent clashes between the tana and asach communities including the proper documentation of those residing in the Border,signer_YN,30.0,expert_vocab_example_draft_order,0.4
clip_2092,US,US,and clueless and when you call Usman Mr,signer_YN,30.0,expert_vocab_example_draft_order,0.4
clip_2095,END,END,plan a plan B is to restore the PE Le is to end corruption is to end extrajudicial killing is to end abduction is to restore our dignity in the Foreign,signer_YN,30.0,expert_vocab_example_draft_order,0.4
clip_2101,TREAT,TREAT,doesn't wait if you are sick you're sick you need to be treated this sh Manos is fraud that's what it is the team you are the only team,signer_YN,30.0,expert_vocab_example_draft_order,0.4
clip_2106,MARK,MARK,known as JM Kariuki marked the 50th anniversary of his tragic death a memorial service was held at the All Saints Cathedral with his two widows remembering him as a Fearless politician who had no hesitation in,signer_YN,30.0,expert_vocab_example_draft_order,0.4
clip_2116,PROPERTY,PROPERTY,they grabbed Jam's properties though his death remains a painful memory for the family they also remember JM as a charismatic and down to earth man deeply loved by the people and passionate about his country,signer_YN,30.0,expert_vocab_example_draft_order,0.4
clip_2124,PASTOR,PASTOR SEX ABUSE PROTESTER,in Roo in Kiambu County on Sunday when an enraged mob stormed the sanctuary demanding the arrest of the pastor over alleged sexual perversion the protesters identifying themselves as local ticktockers,signer_YN,30.0,expert_vocab_example_draft_order,0.4
clip_2125,ACTIVITY,ACTIVITY,ticktockers accused the cleric of engaging in suspicious activities within the church including get this drugging male congregants before sodomizing them now police fought to restrain the Furious mob,signer_YN,30.0,expert_vocab_example_draft_order,0.4
clip_2127,ANGER,ANGER,church what was meant to be a peaceful Sunday morning at Christ Impact Church in Royo turned into a scene of outrage destruction worship service came to an abrupt,signer_YN,30.0,expert_vocab_example_draft_order,0.4
clip_2130,FELLOW,FELLOW,and even fellow pastors,signer_YN,30.0,expert_vocab_example_draft_order,0.4
clip_2132,TEAR-GAS,TEAR-GAS,with police forcing officers to fire tear gas as the mob rain Riot vandalizing Church property most of the pastors alleged victims are young men from the church congregation he is also accused of repeatedly dragging,signer_YN,30.0,expert_vocab_example_draft_order,0.4
clip_2139,COMPLAINT,COMPLAINT,B insists no formal complaints have been filed against him Mary Mori Citizen TV no formal complaints have been found against him yeah it's not the sort of thing you typically see on a,signer_YN,30.0,expert_vocab_example_draft_order,0.4
clip_2143,HASHTAG,HASHTAG,folks including our regular feature citizen planet and plenty more news keep tweeting at Jeff at bar at Citizen TV Kenya the hashtag is Sunday live Sunday live takes a break we'll be back in the meantime coming,signer_YN,30.0,expert_vocab_example_draft_order,0.4
clip_2164,TELEVISION,TELEVISION,it is exactly 37 minutes past the hour welcome back to Sunday live here at citizen television,signer_YN,30.0,expert_vocab_example_draft_order,0.4
clip_2170,HIM,HIM,life he l a nice quiet respectful life isn't it I know you're going to do that for him there's no doubt about,signer_YN,30.0,expert_vocab_example_draft_order,0.4
clip_2183,HIGH-SCHOOL,HIGH-SCHOOL,the alumni of Alliance High School gathered at the,signer_YN,30.0,expert_vocab_example_draft_order,0.4
clip_2184,CELEBRATE,CELEBRATE,gathered at the alma mat to Mark 99 years since the founding of the institution in 1926 the celebration held just a year shy of the school Centennial,signer_YN,30.0,expert_vocab_example_draft_order,0.4
clip_2189,ENGAGE,ENGAGE,for its rigorous academics and storied history you know especially the last one we getting to engage schools from I mean alumni from other schools in unique invitations to them for this particular event one of the reasons why I'm here with a lot of,signer_YN,30.0,expert_vocab_example_draft_order,0.4
clip_2193,JOURNEY,JOURNEY,landed from predator to protect her a Po's Journey To One,signer_YN,30.0,expert_vocab_example_draft_order,0.4
clip_2213,ACTIVE,ACTIVE,and 2000 kapuna Leal Nuki was one of Kenya's most feared poachers today at the age of 55 he has transformed from Hunter to Guardian leading efforts to raise awareness among active poachers,signer_YN,30.0,expert_vocab_example_draft_order,0.4
clip_2214,WILDLIFE,WILDLIFE,among active poachers and teaching his community about the vital importance of wildlife conservation now this remarkable Journey from Predator to protector was produced by Agnes,signer_YN,30.0,expert_vocab_example_draft_order,0.4
clip_2223,GET,GET,he was lucky to get a second chance,signer_YN,30.0,expert_vocab_example_draft_order,0.4
clip_2238,LESS,LESS,with 267 rhinos um and most of them of those rhinos are born here on Lea I join Lea when the rhinos are less than 20 and as we speak couple of rhinos we have moved out of L,signer_YN,30.0,expert_vocab_example_draft_order,0.4
clip_2243,RADIO,RADIO,a story beautifully told by Agnes Olo radio citizens Roomba has made a powerful return this time setting Neri County Ablaze with rhythm and energy,signer_YN,30.0,expert_vocab_example_draft_order,0.4
clip_2244,ENTERTAIN,ENTERTAIN,and energy the collaboration marks the start of an exciting entertainment,signer_YN,30.0,expert_vocab_example_draft_order,0.4
clip_2248,PRESENTER,PRESENTER,2020 the legendary Roomba presenter Uncle Fred Obachi Machoka gra the occasion as the chief,signer_YN,30.0,expert_vocab_example_draft_order,0.4
clip_2252,MUSIC,MUSIC,reving the authentic Roomba and country music rhythm K of Kenya's number one radio station radio,signer_YN,30.0,expert_vocab_example_draft_order,0.4
clip_3000,EASTER,EASTER DANCE,"Our sign language interpreter tonight is Joy Shay. Now, Christians across the nation thronged to churches to celebrate Easter Sunday, marking the resurrection of Jesus Christ with vibrant songs, dance, and powerful",signer_JS,30.0,expert_vocab_example_draft_order,0.4
clip_3002,ACCOUNTABLE,ACCOUNTABLE BURDEN,end to corruption as well as accountability in addressing Kenya's ballooning national debt and tax burden. Mary Moi has the highlights from different parts of the country.,signer_JS,30.0,expert_vocab_example_draft_order,0.4
clip_3005,MOMENT,MOMENT,"celebration of the resurrection of Jesus Christ in churches across Kenya. At the SK Cathedral in Nairobi, worshippers filled the pews reflecting somberly on the significance of the moment.",signer_JS,30.0,expert_vocab_example_draft_order,0.4
clip_3008,RESOURCE,RESOURCE,"government rests on their shoulders a huge responsibility to ensure prudent management of resources. For we want to ask all the principal secretaries,",signer_JS,30.0,expert_vocab_example_draft_order,0.4
clip_3013,THING,THING,"of a lot of the things that we suffer in this country. And in the coastal city of Mombasa, Archbishop Martin",signer_JS,30.0,expert_vocab_example_draft_order,0.4
clip_3022,POPE,POPE,"In the meantime, as Jeff indicated right at the start, Pope Francis entered St. Peter's Square in an open air Pope mobile for the first time since surviving double pneumonia,",signer_JS,30.0,expert_vocab_example_draft_order,0.4
clip_3023,MASS,MASS,"double pneumonia, greeting tens of thousands of Catholics after the Vatican's celebration of Easter Mass. That's right. Now, the 88-year-old pontiff sat",signer_JS,30.0,expert_vocab_example_draft_order,0.4
clip_3024,CHAIR,CHAIR,"sat in a raised chair in the back of the white vehicle as people aligned the aisles inside the square, many holding a loft national flags and shouting, ""Long live the Pope.""",signer_JS,30.0,expert_vocab_example_draft_order,0.4
clip_3043,VOICE,VOICE EFFORT,and respiratory therapy to improve his lung function. He still seems to require great effort to project his voice and his breathing remains labor. It's great to see the Pope hanging out with the folks on Easter Sunday. Yeah.,signer_JS,30.0,expert_vocab_example_draft_order,0.4
clip_3059,AGENCY,AGENCY,bar the governors from having control of the monies currently under the government road trade agencies is to prevent looting of public resources. ODM chief Raila Odinga has maintained a position opposite,signer_JS,30.0,expert_vocab_example_draft_order,0.4
clip_3073,LIONESS,LIONESS,Tala Hungatarongai is in pain and agony following the death of their 13-year-old daughter who was killed by a lioness roaming the area. Now peace a grade seven student met her,signer_JS,30.0,expert_vocab_example_draft_order,0.4
clip_3075,HUMAN,HUMAN CONFLICT,an operation to capture the lioness which has been causing havoc in the area. And yet another human wildlife conflict incident. A family in Yerry is mourning after an elephant trampled on a 54,signer_JS,30.0,expert_vocab_example_draft_order,0.4
clip_3080,EVENING,EVENING,"our presence did little to deter the lioness from prowling. And in all its majesty, the big cat stared at us unflinchingly, oblivious that the whole village was in a state of shock following Saturday evening attack.",signer_JS,30.0,expert_vocab_example_draft_order,0.4
clip_3091,TRAP,TRAP,confirmed the unfortunate incident and said it has deployed such teams and set a trap for the roaming lioness. They have also confirmed another incident in Keneri County where a man lost his life after he was,signer_JS,30.0,expert_vocab_example_draft_order,0.4
clip_3095,KILOMETRE,KILOMETRE,the area. Mhm. The body of Paul Gonga was found several kilometers,signer_JS,30.0,expert_vocab_example_draft_order,0.4
clip_3105,ACCESS,ACCESS CUT,infrastructure with Kanye to the road being rendered impossible due to a massive landslide at Gigumo area that has completely cut off access. This has posed serious risks for road users.,signer_JS,30.0,expert_vocab_example_draft_order,0.4
clip_3111,ALERT,ALERT,floods. The county government is urging residents to remain alert. Melita,signer_JS,30.0,expert_vocab_example_draft_order,0.4
clip_3115,AGRICULTURE,AGRICULTURE,"why I wanted you to take it. Xi Jinping and President R will also see the two nations sign bilateral agreements on manufacturing, technology, climate change, and agriculture. That's right. Now, as Kenya seeks to leverage",signer_JS,30.0,expert_vocab_example_draft_order,0.4
clip_3116,WAR,WAR,"leverage on the ongoing trade war between Washington and Beijing that's been marked by placements, signs of other",signer_JS,30.0,expert_vocab_example_draft_order,0.4
clip_3143,DAILY,DAILY OFTEN,and sunbecked earth of Nairobi sprawling Kibera slums where survival is a daily battle and dreams often wither before they bloom. James Karaoke carries a weight far beyond his 19 years. That,signer_JS,30.0,expert_vocab_example_draft_order,0.4
clip_3197,CONSTRUCTION,CONSTRUCTION,"at Quinn at Virus at Citizen TV. K. The hashtag is Sunday live as in Easter Sunday. Women in construction. Oh, women in construction. It's coming up.",signer_JS,30.0,expert_vocab_example_draft_order,0.4
clip_3218,SUSTAIN,SUSTAIN,ongoing in the affected areas to just ensure that no more cases we don't have a lot of cases that are also being um coming up just to sustain that and,signer_JS,30.0,expert_vocab_example_draft_order,0.4
clip_3263,INDUSTRY,INDUSTRY,"project. It's a new opportunity to create jobs, transform lives, and inspire more women to take their place in Kenya's growing construction industry. Will Luc Citizen",signer_JS,30.0,expert_vocab_example_draft_order,0.4
clip_3264,STATION,STATION,"Citizen TV presenters from royal media services radio stations join Christians in various churches across the country in marking Easter Sunday. No, that's right. The presenters not",signer_JS,30.0,expert_vocab_example_draft_order,0.4
clip_4010,ACCORDING,ACCORDING,"on the same charges of terrorism, uh arson, and those are the same things that they're talking uh about Bonnie. According to a statement by the Directorate of Criminal Investigations,",signer_YN,30.0,expert_vocab_example_draft_order,0.4
clip_4039,STAKEHOLDER,STAKEHOLDER,"call for good governance to poor upbringing. And while laying blame at the doorstep of the institution of parenting for what he labeled an object failure in inculcating discipline in children, the head of state called on the church and other",signer_YN,30.0,expert_vocab_example_draft_order,0.4
clip_4057,RECENT,RECENT,"have in recent days mounted a defense of the authorities' response to protest, with human rights lobby groups decrying the deteriorating state of human rights.",signer_YN,30.0,expert_vocab_example_draft_order,0.4
clip_4152,INTELLIGENCE,INTELLIGENCE,"and vibrant cities, a silent war rages. One fought not just with weapons, but with intelligence, vigilance, and sacrifice. January 2019, Nairobi is shaken by",signer_YN,30.0,expert_vocab_example_draft_order,0.4
clip_4156,FS-SOG,FS-SOG,"with its secretive National Intelligence Service unleashing its reply through a small, fierce, and little-known fighting called the Special Operations Group, SOG,",signer_YN,30.0,expert_vocab_example_draft_order,0.4
clip_4179,ENEMY,ENEMY,"with them being there back at home, I ensure that they are safe by making sure that the enemy does not infiltrate. Borderline is just about 15 km from here. And if",signer_YN,30.0,expert_vocab_example_draft_order,0.4
clip_4290,PLASTIC,PLASTIC,"ban on single-use plastics, plastic pollution continues to plague the country's clogging drainage systems and choking vital water resources. In Kisumu County, River",signer_YN,30.0,expert_vocab_example_draft_order,0.4
clip_4291,WASTE,WASTE,"River Auji is a stark example. Its surface blanketed with unsanitary plastic waste including used diapers. But amid the filth, a group of young men is rewriting",signer_YN,30.0,expert_vocab_example_draft_order,0.4
clip_4292,BAG,BAG,"rewriting the narrative. Leading a cleanup efforts and shifting community perceptions on waste management, one plastic bag at a time. Lorna Shiro now reports on the changing face of Kisumu, a city once overwhelmed",signer_YN,30.0,expert_vocab_example_draft_order,0.4
clip_5000,ACTIVIST,ACTIVIST EMBASSY,"the arrest and detention of Kenyan activists Bob Njagi and Nicholas Oo in Kal Uganda. In a strongly worded letter to the Ugandan High Commission in Nairobi, the Law Society of Kenya, Amnesty International Kenya and Vocal Africa",signer_YN,25.0,expert_vocab_example_draft_order,0.4
clip_5001,SAFE,SAFE ABDUCT INVESTIGATE DEEP,"Africa are demanding the immediate release and safe return of the two. The groups have also called for a thorough investigation into the abduction,",signer_YN,25.0,expert_vocab_example_draft_order,0.4
clip_5002,FOREIGN,FOREIGN,"into the abduction, urging that those responsible be held accountable. Interior cabinet secretary Kipto Morin has confirmed that the Ministry of Foreign Affairs is actively engaged in the matter. Enjoy reports.",signer_YN,25.0,expert_vocab_example_draft_order,0.4
clip_5004,DISAPPEAR,DISAPPEAR INCREASE,"of activists Bob Njagi and Nicolas Oo at a patrol station in Kiraka Campala, Uganda, human rights organizations have voiced their concerns over the alarming cases of abductions and enforced disappearances",signer_YN,25.0,expert_vocab_example_draft_order,0.4
clip_5005,AFRICA,AFRICA EAST,"disappearances in East Africa region. Law Society of Kenya, Amnesty International",signer_YN,25.0,expert_vocab_example_draft_order,0.4
clip_5007,ALLOW,ALLOW CALL,"and communication with their families. While calling on the government of Kenya to ensure crossber activism is not criminalized, they have called for probe on the circumstances of their abduction and demanded that those responsible",signer_YN,25.0,expert_vocab_example_draft_order,0.4
clip_5008,SAME,SAME,that those responsible be held accountable. Demands that were echoed by free Kenya movement that Jagi,signer_YN,25.0,expert_vocab_example_draft_order,0.4
clip_5009,GATHER,GATHER FRIEND,movement that Jagi chairs and other activists who are now threatening to mobilize activists across the world to occupy Uganda embassies. We call for the release of our comrades and they,signer_YN,25.0,expert_vocab_example_draft_order,0.4
clip_5013,UNITY,UNITY,"harassed, tortured or imprisoned for speaking out. We reject tyranny and we embrace the spirit of unity.",signer_YN,25.0,expert_vocab_example_draft_order,0.4
clip_5015,HANDLE,HANDLE,"I want to assure you that the foreign affairs ministry is handling those issues and everybody will be accounted for. It is the dut of the government of Kenya to protect it citizens in any part of the world. However, foreign affairs cabinet secretary Musalia",signer_YN,25.0,expert_vocab_example_draft_order,0.4
clip_5016,ATTEND,ATTEND HELP,"secretary Musalia Mudavadi, who attended the burial of late minister Dalmas Otenu, gave the abduction a wide birth despite calls from leaders at the burial for the government to intervene.",signer_YN,25.0,expert_vocab_example_draft_order,0.4
clip_5020,AUTHORITY,AUTHORITY QUIET,"of Bob Njagi and Nicholas Oo in Campala, Uganda has yet again raised concerns over increased cases of human rights violations in the East African region with the authorities being blamed for remaining silent. Getor",signer_YN,25.0,expert_vocab_example_draft_order,0.4
clip_5021,RECRUIT,RECRUIT,Citizen TV Nairobi. Now the much publicized national police recruitment,signer_YN,25.0,expert_vocab_example_draft_order,0.4
clip_5023,TEMPORARY,TEMPORARY POLITICIAN,"issued interim conservatory orders halting the exercise following a petition filed by politician and businessman Harun Mwau. And as Seth Olle now reports, Interior cabinet secretary Kipum Murkomen has faulted the judiciary for what",signer_YN,25.0,expert_vocab_example_draft_order,0.4
clip_5026,JUDGE,JUDGE,"that was to commence in all the 47 counties on Friday 3rd October 2027. In her ruling, Justice Hellen Wasilwa",signer_YN,25.0,expert_vocab_example_draft_order,0.4
clip_5030,POWER,POWER,John Harun Mwau faults the National Police Service Commission of assapping the powers of the Inspector General of Police and National Police Service in respect of recruitment of new members of the service,signer_YN,25.0,expert_vocab_example_draft_order,0.4
clip_5036,MY,MY STATEMENT,to even help us support the next elections. So I hope that the judge will watch my speech so that I don't need to call her. The National Police Service through a statement announced,signer_YN,25.0,expert_vocab_example_draft_order,0.4
clip_5037,WAY,WAY,statement announced it has postponed the widely publicized exercise and that national police service in conjunction with the National Police Service Commission is pursuing appropriate legal remedies to ensure the recruitment exercise,signer_YN,25.0,expert_vocab_example_draft_order,0.4
clip_5040,ESTATE,ESTATE CRIMINAL,gripping Nairobi's affluent neighborhoods with meticulously executed robberies striking high-end estates. What has authorities and residents on edge is the criminals,signer_YN,25.0,expert_vocab_example_draft_order,0.4
clip_5041,CAR,CAR EASY VICTIM,"is the criminals evolving strategy, no longer relying on discrete lowprofile cars, the syndicates now deploy luxury SUVs, blending effortlessly into the various estates they exploit. Order Frances spoke to victims in parts of Westlands and Emboci",signer_YN,25.0,expert_vocab_example_draft_order,0.4
clip_5044,MINUTE,MINUTE HOUSE,"but failed to register with security. Moments later, the group was seen entering one",signer_YN,25.0,expert_vocab_example_draft_order,0.4
clip_5056,EACH,EACH,"a Toyota Pradu was spotted in multiple neighborhoods, General Maden, Rupra Parklands, Shanzu Road, and Sun Park. CCTV footage places the vehicle at each location,",signer_YN,25.0,expert_vocab_example_draft_order,0.4
clip_5059,CITY,CITY,"tactics marks a dangerous shift in urban crime. Authorities and residents alike are calling for heightened vigilance and swift action. Order. Francis, Citizen TV, Nairobi.",signer_YN,25.0,expert_vocab_example_draft_order,0.4
clip_5060,DETAIL,DETAIL STORY,Nairobi. Fascinating details. Now to a story exposing the,signer_YN,25.0,expert_vocab_example_draft_order,0.4
clip_5062,PRIMARY,PRIMARY PUPIL LEARN PARENT,are on the sport over the dire condition at Chabonet Primary School. The crisis is so severe that some pupils are forced to learn inside a kitchen of a neighboring church due to the acute shortage of classrooms. Parents and residents,signer_YN,25.0,expert_vocab_example_draft_order,0.4
clip_5068,BUILDING,BUILDING BUILD,"Chabon School now stands in decay. Some structures were built by parents, others through",signer_YN,25.0,expert_vocab_example_draft_order,0.4
clip_5069,WEAK,WEAK FALL SUFFER,"others through CDF, and another by World Vision. Today, many are weakening, teetering to the brink of collapse. The biggest casualties are learners from early childhood",signer_YN,25.0,expert_vocab_example_draft_order,0.4
clip_5071,TEACH,TEACH,"class is ongoing right inside this room, it's always chaotic depicting the infrastructural challenges this school has been grappling with for many years. There is also another class",signer_YN,25.0,expert_vocab_example_draft_order,0.4
clip_5072,WALK,WALK,there is a big crack. Some even braving the mud barefoot. The situation,signer_YN,25.0,expert_vocab_example_draft_order,0.4
clip_5076,FINISH-NOT,FINISH-NOT,"Within the same compound, unfinished structures",signer_YN,25.0,expert_vocab_example_draft_order,0.4
clip_5079,MIDDLE,MIDDLE,But in the midst of,signer_YN,25.0,expert_vocab_example_draft_order,0.4
clip_5080,FRUSTRATE,FRUSTRATE TEACHER SAVE,"the midst of frustration, learning continues. Parents, teachers, and pupils cling to hope. Hope that one day authorities will hear their cry and rescue the future of Chabon Crispino",signer_YN,25.0,expert_vocab_example_draft_order,0.4
clip_5082,SAD,SAD TERROR JUNE PROTEST ACCUSE,such kind of images for a school in 2025 and we hope something will be done. Now 22 terror suspects accused of torching police stations in Makongi and Matu during the Jun anti-government protest failed to take plea,signer_YN,25.0,expert_vocab_example_draft_order,0.4
clip_5083,DELAY,DELAY,to take plea as anticipated after the prosecution sought more time to amend the charges against them. The suspects claimed the state is frustrating them with delays. Will lo was in court.,signer_YN,25.0,expert_vocab_example_draft_order,0.4
clip_5091,IF,IF,want the prosecution to proceed with the case or terminate it if they have sufficient evidence of arson or terrorism.,signer_YN,25.0,expert_vocab_example_draft_order,0.4
clip_5093,GOD,GOD THERE,There is God in heaven. The suspects expected back in court,signer_YN,25.0,expert_vocab_example_draft_order,0.4
clip_5096,SLOW,SLOW IMPROVE TOUR,"that the ongoing continuous vote registration will pick up after a slow start. The commission, currently on a campus sensitization tour, says its efforts to get the young voters to get on the voters role will turn the",signer_YN,25.0,expert_vocab_example_draft_order,0.4
clip_5099,STUDENT,STUDENT,voter registration and the commission is now taking the registration ghost spell to the masses at the cost the commission set camp at the pani university which is teeming with hundreds of unregistered voters so,signer_YN,25.0,expert_vocab_example_draft_order,0.4
clip_5108,TRAVEL,TRAVEL TECHNOLOGY,the cost that they will be using the This round of registration has embraced technology in capturing the,signer_YN,25.0,expert_vocab_example_draft_order,0.4
clip_5110,SOMETIME,SOMETIME,"yes, sometimes people may fear such",signer_YN,25.0,expert_vocab_example_draft_order,0.4
clip_5113,OLD,OLD CENTRE,old minds into the government and there'll be no change. Kindly we want those registration centers to be mobile. The commission however has assured that the security and privacy of voters,signer_YN,25.0,expert_vocab_example_draft_order,0.4
clip_5115,DEPEND,DEPEND,with those taking political office in the 2027 elections banking on this block of voters to tilt the scales. The youth vote is seen as a critical demography in the elections,signer_YN,25.0,expert_vocab_example_draft_order,0.4
clip_5121,BECOME,BECOME,"2,600 acre Kok land dispute took a violent turn. The Wednesday night incidents have further heightened tensions in the greater Kibiko area on Thursday. Uh the government deployed a heavy contingent of police",signer_YN,25.0,expert_vocab_example_draft_order,0.4
clip_5124,FIGHT,FIGHT,on Thursday ready to repel each other amid reports that the government has already distributed title deeds to one of the groups requiring the other to start vacating.,signer_YN,25.0,expert_vocab_example_draft_order,0.4
clip_5128,DIVIDE,DIVIDE,"one person injured in a retaliatory attack, the government has deployed heavy police contingent on the contested land as rival factions brace for pleading with those people in the Ministry of Land who are subdividing this land",signer_YN,25.0,expert_vocab_example_draft_order,0.4
clip_5132,WHO,WHO,numerous suits and counter claims of fraudulent subdivision and irregular locations. The fate of the vasque land remains in limbo with Kibiko residents anxiously waiting for a decision that will determine who the legitimate owners,signer_YN,25.0,expert_vocab_example_draft_order,0.4
clip_5134,WHAT,WHAT,"with us. So we're taking a short break here on tonight. When we come back, we'll have a conversation on data point, what the numbers are saying, but also the news gun with its early start.",signer_YN,25.0,expert_vocab_example_draft_order,0.4
clip_5135,FS-LINDA-MAMA,FS-LINDA-MAMA,"Coming up on Data Point, Linda Mama versus",signer_YN,25.0,expert_vocab_example_draft_order,0.4
clip_5136,PROGRAMME,PROGRAMME BEHIND,Mama versus Linda Jami. The numbers behind the two health programs.,signer_YN,25.0,expert_vocab_example_draft_order,0.4
clip_5137,CONVERSATION,CONVERSATION,"Welcome back. Before we engage the news gang bench which is already here, I want us to talk about some numbers when it comes to questions of Linda Mama versus Linda Jam. Let's begin by looking at what this has been. And of course it has been a conversation",signer_YN,25.0,expert_vocab_example_draft_order,0.4
clip_5138,CARE,CARE,been a conversation among the political class. Linda Mama it was supposed to be free maternity care. It was benefiting benefiting up to 1 million mothers actually more than that when you listen to different statements of the um,signer_YN,25.0,expert_vocab_example_draft_order,0.4
clip_5139,UNDER,UNDER CREATE,national treasury. Then Linda Jamir is under the primary health care fund which is one of the creations of the new regime of health insurance.,signer_YN,25.0,expert_vocab_example_draft_order,0.4
clip_5140,MEMBER,MEMBER RECEIVE,insurance. SHA members are supposed to be benefiting from that. So there's a difference between SHA members and paid up members of,signer_YN,25.0,expert_vocab_example_draft_order,0.4
clip_5143,NAME,NAME VALUE BILLION,free maternity care then in 2016 it became Linda Jamir as it was called by the then administration. Then the project value was 70 billion shillings. These are figures that you find from the reports of the control of budget. The financing of that as of,signer_YN,25.0,expert_vocab_example_draft_order,0.4
clip_5144,YEAR-2023,YEAR-2023,"that as of June 2023 had been at 61% which was 42.6 billion shillings worth of that program. And if to look at that as 10 years, then it's on average 4.2 billion shillings um every year. Now beyond",signer_YN,25.0,expert_vocab_example_draft_order,0.4
clip_5150,POOR,POOR,resources to buy medical cover for families that cannot afford. These are persons with severe disabilities. the uh poor and also the orphans and the elderly,signer_YN,25.0,expert_vocab_example_draft_order,0.4
clip_5154,REMEMBER,REMEMBER,the financial year 2024 2025 the year ending June 2025 for the current financial year starting July 2025 until next year June the allocation is 13.1 billion shillings so this looks like an improvement but remember,signer_YN,25.0,expert_vocab_example_draft_order,0.4
clip_5156,SERVE,SERVE,the allocation should be 45 billion shillings but you're talking about just 13 billion shillings which is only equivalent uh which is sufficient to serve just a fraction of the population. The other thing that you have to look at is comparing Linda,signer_YN,25.0,expert_vocab_example_draft_order,0.4
clip_5157,NORMAL,NORMAL,"comparing Linda Mama versus Linda Jam when it comes to maternal care. So normal delivery under Linda Mama under President Uhuru Kenyatta was allocating between 3,500 shillings to 6,000 shillings depending on the level of the hospital. For cesarian",signer_YN,25.0,expert_vocab_example_draft_order,0.4
clip_5158,OPERATION,OPERATION,"For cesarian section it was between 10,000 and 17,000 shillings again depending on the level of the hospital and then uh you to look at the primary healthcare under share it is now 10,000 shillings for normal delivery and 30,000 shillings",signer_YN,25.0,expert_vocab_example_draft_order,0.4
clip_5159,QUALIFY,QUALIFY,"30,000 shillings for CS or cesarian section for ANC meaning antinatal clinic and postnatal clinic it you are you would qualify for four clinics at 500 shillings that is four ANC's four PNC's 500",signer_YN,25.0,expert_vocab_example_draft_order,0.4
clip_5165,YOUR,YOUR,"so much heat from the political scene, what are we talking about? Your numbers are interesting. Um, and",signer_YN,25.0,expert_vocab_example_draft_order,0.4
clip_5168,OK,OK,"Okay. So, I for me that that was",signer_YN,25.0,expert_vocab_example_draft_order,0.4
clip_5169,EXPAND,EXPAND,that was bottom line lesson uh from from those numbers. Um say what you will about we've expanded,signer_YN,25.0,expert_vocab_example_draft_order,0.4
clip_5170,BETTER,BETTER,"we've expanded this, it is better because it looks like um under the current regime, you have to be contributing under shift, Uh when before that, uh mothers could walk into",signer_YN,25.0,expert_vocab_example_draft_order,0.4
clip_5171,BABY,BABY,"could walk into a hospital regardless whether they were registered with NHIF or not, regardless of whether they were contributing or not. um were allowed to go in, have their babies, have maternal care and leave without paying a scent.",signer_YN,25.0,expert_vocab_example_draft_order,0.4
clip_5177,DOCTOR,DOCTOR LIFE,"that were reported because more women were going to the hospital. If there were any complications, the doctors were able to catch it and and and be able to save the mother and the children because why do this in the first place? Save lives. Save the life of the mother. Save the life of the child. But now with",signer_YN,25.0,expert_vocab_example_draft_order,0.4
clip_5188,STRUGGLE,STRUGGLE,rut administration is struggling with and that is healthcare. and he says they repealed what,signer_YN,25.0,expert_vocab_example_draft_order,0.4
clip_5190,POINT,POINT,in your corner that will attest that this thing is not working and they will give testimony to what worked in the previous regime. So politically it would be a good point to score against,signer_YN,25.0,expert_vocab_example_draft_order,0.4
clip_5195,CONTROL,CONTROL,"but not in the manner that the two presidents, the current and former uh previous presidents were a lot more",signer_YN,25.0,expert_vocab_example_draft_order,0.4
clip_5197,MUCH,MUCH,"about uh 24 years of a failed economy, 24 years of bad health and all that. Uh it was never Kibaki himself doing that. A lot has collapsed in presidential decorum in this country. Uh we don't have a",signer_YN,25.0,expert_vocab_example_draft_order,0.4
clip_5199,LIKE,LIKE,Uh so presidents current and former uh brawlers just like any other politician. And um it's sad because normally,signer_YN,25.0,expert_vocab_example_draft_order,0.4
clip_5202,CRITICISE,CRITICISE,So what are we talking about? What is he criticizing?,signer_YN,25.0,expert_vocab_example_draft_order,0.4
clip_5203,BENCH,BENCH,he criticizing? What are they trying to to uh to compare? I think some time back um we said right here on this bench that there's something wrong there's something sick about how the constitution,signer_YN,25.0,expert_vocab_example_draft_order,0.4
clip_5208,RESPONSIBILITY,RESPONSIBILITY MANAGE,"still with a big responsibility to manage a country. The former doesn't. Um well,",signer_YN,25.0,expert_vocab_example_draft_order,0.4
clip_5209,NO,NO ADD,"well, no, but I I just want to add on to that point. I think sometimes the president invites himself into conversations",signer_YN,25.0,expert_vocab_example_draft_order,0.4
clip_5211,ABOVE,ABOVE RISE,weight of his words. Um but it would be that at some point we have a presidency that elevates itself from this. Let the former president say what he wants to say about his record versus the record of the current. Um I think if the,signer_YN,25.0,expert_vocab_example_draft_order,0.4
clip_5213,MARKET,MARKET EVERY,what we talk about responding to every barking dog in the market. Um this one for me was um you know just I guess another sign of that deterioration of uh of of the state of the nation as we see it. I mean he has a cabinet secretary for health. Let him do that.,signer_YN,25.0,expert_vocab_example_draft_order,0.4
clip_5215,FATHER,FATHER,Um but you know right now it's just um it's like you know two boys in the playground saying my daddy's car is bigger than your daddy's car and you know mine and and mine is better my daddy is better than your daddy's. So it's just at some point,signer_YN,25.0,expert_vocab_example_draft_order,0.4
clip_5216,RISK,RISK,at some point and and and just to say that lives are at stake money is at stake but the manner in which um this is being discussed leaves a lot to be desired. I think in the in that analogy,signer_YN,25.0,expert_vocab_example_draft_order,0.4
clip_5218,WILL,WILL,so if better than mama it will show whatever it is that the reason why we came up with this in the first place was,signer_YN,25.0,expert_vocab_example_draft_order,0.4
clip_5222,DRIVE,DRIVE,stop the political noise and listen to our technocrats. Universal health coverage though driven politically is a space of exactitudes. Mhm. We need our technocrats,signer_YN,25.0,expert_vocab_example_draft_order,0.4
clip_5228,SECTOR,SECTOR ACHIEVE,that is uh above them. We have people in this country who can run the health sector very very well. We have people who are who have very good brains and uh uh ideas on how to actually actualize,signer_YN,25.0,expert_vocab_example_draft_order,0.4
clip_5230,DEBT,DEBT ABOUT,"that have been speaking there's no medical doctor or even a nurse um saying anything about and there were no numbers either. Oh yes, there are no numbers. There are a few numbers about fictitious debts. We'll talk about that later. Yes, that's right. When news",signer_YN,25.0,expert_vocab_example_draft_order,0.4
clip_5231,WORKER,WORKER SALARY,"But speaking of health, there's a story here that I want to bring you about Nairobi County health workers who staged street protest of uh delayed salaries. The workers who marched to the governor's office there, the county executive accused the county executive of betrayal,",signer_YN,25.0,expert_vocab_example_draft_order,0.4
clip_5240,AGREEMENT,AGREEMENT SIT,"these issues only for them to go against the agreements. So nonhonoring of agreements is one of the reasons why we are out here. So we are wondering why would we always sit on a table and discuss issues that don't end up being implemented. In response,",signer_YN,25.0,expert_vocab_example_draft_order,0.4
clip_5243,SHARE,SHARE,"the September equitable share allocation will be released this week of October to allow them settle their rares. Meanwhile, members of parliament from Kiambu County",signer_YN,25.0,expert_vocab_example_draft_order,0.4
clip_5244,WORSE,WORSE MINIMUM,County have raised concerns over the deteriorating state of healthcare in the county following a more than 3 months doctor's strike. would read that at least 136 infants,signer_YN,25.0,expert_vocab_example_draft_order,0.4
clip_5246,PREVENT,PREVENT,during child birth or for preventable post-d delivery complications. Cases that not have been turned fatal if basic medical supervision had been available. Hospitals of Kiambu County are in ICU,signer_YN,25.0,expert_vocab_example_draft_order,0.4
clip_5247,MEDICINE,MEDICINE,ICU all of them. The hospitals themselves are sick. There are no medicine. There are no doctors. Uh the cleaners are not there.,signer_YN,25.0,expert_vocab_example_draft_order,0.4
clip_5250,LEADERSHIP,LEADERSHIP,joined the United Green Movement Party and will vive for the presidency in 2027 on the same ticket. Maraga who was unveiled in Nairobi as party leader and flag bearer said he chose UGM for its values and vowed to anchor his leadership,signer_YN,25.0,expert_vocab_example_draft_order,0.4
clip_5251,BASE,BASE,his leadership on the rule of law and constitutionalism. He said he will traverse the country to popularize the party and promise to reset governance to work for all Kenyans citing failure in current systems.,signer_YN,25.0,expert_vocab_example_draft_order,0.4
clip_5253,DIRECT,DIRECT,the image of this of this party to another level. We are going to deal squarely with the the issue of that has as as as us and,signer_YN,25.0,expert_vocab_example_draft_order,0.4
clip_5258,CERTIFICATE,CERTIFICATE,issues to deal with and the rule of law. K launches electronic certificate of origin,signer_YN,25.0,expert_vocab_example_draft_order,0.4
clip_5260,WATER,WATER,its fifth standalone sustainability report reaffirming their company's commitment to a sustainable future. At the heart of the report is the company's water stewardship,signer_YN,25.0,expert_vocab_example_draft_order,0.4
clip_5262,INVEST,INVEST,"In the last year, the East African Breweries has continued to deepen",signer_YN,25.0,expert_vocab_example_draft_order,0.4
clip_5263,FARMER,FARMER TRAINING,"continued to deepen its investment in regenerative agriculture, working with more than 20,000 local farmers through demonstration plants, training program, and fair contract arrangements. As part of the company's efforts towards",signer_YN,25.0,expert_vocab_example_draft_order,0.4
clip_5266,SPEND,SPEND,suppliers or women suppliers within the organization was up to 6 billion um which was a 12% yearon-year increase.,signer_YN,25.0,expert_vocab_example_draft_order,0.4
clip_5267,TRAIN,TRAIN,increase. We also trained a lot of um diverse,signer_YN,25.0,expert_vocab_example_draft_order,0.4
clip_5268,TARGET,TARGET,"diverse people within the communities again over hitting our target. From an economic perspective, the brewer has had a 24",signer_YN,25.0,expert_vocab_example_draft_order,0.4
clip_5269,IMPACT,IMPACT HOUSEHOLD,"had a 24 billion shillings gross value ad with a direct impact of 35 billion shillings while induced impact on households stood at 14 billion shillings. Even downstream impact stood at 66 billion shillings. On the jobs front,",signer_YN,25.0,expert_vocab_example_draft_order,0.4
clip_5270,FORMAL,FORMAL ILLEGAL,"On the jobs front, the company boasts of 900 formal jobs while an additional 57,000 formal jobs were created from the supply chain. The brewer is now calling on the government to reign in on illicit",signer_YN,25.0,expert_vocab_example_draft_order,0.4
clip_5273,GENERATION,GENERATION,50%. Let's address illicit for the sake of our future generations,signer_YN,25.0,expert_vocab_example_draft_order,0.4
clip_5274,COLLECT,COLLECT CONTRIBUTE,future generations and for the sake of improving the excheer collection and the last one for improving employment in And I've seen that there's a direct contributions.,signer_YN,25.0,expert_vocab_example_draft_order,0.4
clip_5277,GLOBAL,GLOBAL,"efforts with global standards, aligning disclosures to FRS1 and S2 sustainability reporting framework. Jimmy Bogen TV Nairobi. Now the Kenya Revenue Authority in collaboration in the common market for",signer_YN,25.0,expert_vocab_example_draft_order,0.4
clip_5278,TRADE,TRADE REGION,common market for Eastern and Southern Africa COMESA has begun the pilot implementation of the electronic certificates of origin in a move aimed at easing regional trade. The system will automate the issuance and verification of certificates,signer_YN,25.0,expert_vocab_example_draft_order,0.4
clip_5279,OFFICIAL,OFFICIAL BUSINESS,of certificates cutting paperwork and reducing processing times for exporters. Officials say the new platform will make it cheaper and faster for Kenyan businesses to access regional markets while enhancing crossber trade efficiency,signer_YN,25.0,expert_vocab_example_draft_order,0.4
clip_5282,EXAMPLE,EXAMPLE TAX,have agreed uh to have uh preferential terms of trading and they have a preferential uh agreement. So there are terms that they have agreed to in for example either reduced taxes or,signer_YN,25.0,expert_vocab_example_draft_order,0.4
clip_5284,ENVIRONMENT,ENVIRONMENT,uh which have been reported even environmentally because of the paperless use of certificates. uh it's environmentally uh friendly but also important that uh it confers trust,signer_YN,25.0,expert_vocab_example_draft_order,0.4
clip_5285,ACROSS,ACROSS,trust among different uh economic agents across the across the countries whether the the revenue authorities or or even the policemen uh all that across that there is a trust in that certificate,signer_YN,25.0,expert_vocab_example_draft_order,0.4
clip_5291,EXPERIENCE,EXPERIENCE SPECIAL,Kenya and the nuances that characterize the Kenyan experience. Over over and above the,signer_YN,25.0,expert_vocab_example_draft_order,0.4
clip_5293,HOST,HOST,"the Kenya of Wangari Maathai. the Kenya of innovation and leadership. The Kenya that hosts the United Nations, the biggest United Nations facility in the global south",signer_YN,25.0,expert_vocab_example_draft_order,0.4
clip_5295,PARTNER,PARTNER SOLUTION,We choose partners with solutions that get us there.,signer_YN,25.0,expert_vocab_example_draft_order,0.4
clip_5296,PROGRESS,PROGRESS,us there. You could also power your progress. Join Safariccom business today. Power your progress at Say a big thank you,signer_YN,25.0,expert_vocab_example_draft_order,0.4
clip_5298,GOLD,GOLD,"to look for. I don't think gold medal. Taking stock of gains made, President R",signer_YN,25.0,expert_vocab_example_draft_order,0.4
clip_5300,SCHEME,SCHEME,"Now the medal is from the world athletics championships in Tokyo, Japan are the first beneficiaries of the new reward scheme.",signer_YN,25.0,expert_vocab_example_draft_order,0.4
clip_5307,TEST,TEST,team was thoroughly tested for doping before and during the competition by the athletics integrity unit AIU and therefore that confirms that our,signer_YN,25.0,expert_vocab_example_draft_order,0.4
clip_5309,PUT,PUT AMONG UNITE,"terms of global achievements putting Kenya on the world map among the heavy hitters. This was confirmed in Tokyo as Kenya finished second globally, bringing joy to the whole nation. unites Kenya",signer_YN,25.0,expert_vocab_example_draft_order,0.4
clip_5312,SHE,SHE,"won three gold medals. She attributed the success in Tokyo to combined efforts by Athletics Kenya, the Ministry of Sports and the Kenyan Embassy in Tokyo, Japan, who actually helped the team win one gold medal. Let me also",signer_YN,25.0,expert_vocab_example_draft_order,0.4
clip_5324,SUNDAY,SUNDAY,from tomorrow with two matches lined up in Nairobi. Sofa Paka will host Kakamega home boys while league leaders post Rangers invite AFC Leopards. The rest of the teams will be in action on Saturday and Sunday.,signer_YN,25.0,expert_vocab_example_draft_order,0.4
clip_5326,INTERNATIONAL,INTERNATIONAL,"matches, winning one and losing one. This will be a crucial match for both teams as the league will take a break after the weekend for the FIFA International Week.",signer_YN,25.0,expert_vocab_example_draft_order,0.4
clip_5328,FINAL,FINAL,attacking options in the final third and we've been working on it since uh even our second match and we want to improve in that area. We want to be able to have a clear cut when we attacking especially in the final,signer_YN,25.0,expert_vocab_example_draft_order,0.4
clip_5334,LEG,LEG,and Charity Midawa. The squad has four new defenders as the technical bench looks to seal the defensive frailties. Harambe Starlet will host the Gambia on the 24th of October in Nairobi before playing the return leg,signer_YN,25.0,expert_vocab_example_draft_order,0.4
clip_5339,TOP,TOP,"Snow has been on fire, winning the last three legs to top the leaderboard with 3,330 points from four events. The three victories came at the Great Rift Lodge Golf Club um Mount Kipipiri Golf Resort",signer_YN,25.0,expert_vocab_example_draft_order,0.4
clip_5345,GOAL,GOAL SEASON,in behind and will put it home. and he won't score an easier goal all season.,signer_YN,25.0,expert_vocab_example_draft_order,0.4
clip_5351,LINE,LINE ON,"on the line. Well, everyone inside the stadium thought that was a second for the gunners.",signer_YN,25.0,expert_vocab_example_draft_order,0.4
clip_5353,SURE,SURE,but they make sure of the three points and they're 100% stuck.,signer_YN,25.0,expert_vocab_example_draft_order,0.4
clip_6000,FS-HIV,FS-HIV,person living with HIV in Kenya have expressed uncertainty over what the future holds following the order by US president Donald Trump to freeze funds towards crucial health programs a number of clinics,signer_YN,30.0,expert_vocab_example_draft_order,0.4
clip_6003,FS-ARV,FS-ARV,takes her daily pill yes for the last 24 years this has been the routine for the mother of six who has been Faithfully taking her dose of the arvs and successfully suppressed her,signer_YN,30.0,expert_vocab_example_draft_order,0.4
clip_6078,CENSUS,CENSUS,the Garissa high court has declared the 2019 census results for Garissa wajir and mandera counties to be null and AV void citing major irregularity ities in the data collection process,signer_YN,30.0,expert_vocab_example_draft_order,0.4
clip_6079,POPULATION,POPULATION,process Justice John oneno criticized the Kenya National Bureau of Statistics for failing to meet basic standards during the census leading to inaccurate population figures for the affected counties,signer_YN,30.0,expert_vocab_example_draft_order,0.4
clip_6191,FERTILISER,FERTILISER,business news and the competition authority of Kenya the CAK has announced plans to conduct a comprehensive Market inquiry into the fertilizer industry let's get more,signer_YN,30.0,expert_vocab_example_draft_order,0.4
clip_7047,DEDUCTION,DEDUCTION,at the end of the day businesses have to match whatever deductions that are being made uh to the employee now this means that the cost of doing business the expenses increase uh for these particular businesses then their ability to hire more people with increased costs you,signer_JS,30.0,expert_vocab_example_draft_order,0.4
clip_7048,INCOME,INCOME,costs you know is is is not economic experts warn that continued caution in business expansion could worsen youth unemployment putting additional pressure on household incomes and economic stability because of,signer_JS,30.0,expert_vocab_example_draft_order,0.4
clip_7051,REVENUE,REVENUE,hiring education and energy sectors are the most optimistic about Workforce expansion in 2025 despite weak hiring projections 65% of businesses anticipate modest Revenue growth,signer_JS,30.0,expert_vocab_example_draft_order,0.4
clip_7083,SUMMIT,SUMMIT,Mita Oz Citizen TV President William Ruto is set to co-chair a joint Summit of the southern Africa development community SADC and the East African Community in Dar es Salaam,signer_JS,30.0,expert_vocab_example_draft_order,0.4
clip_7172,MINER,MINER,Citizen TV they say necessity is the mother of invention and the women of homeab have proven just that 18 miners who were trapped at the Ikolomani gold mines in Kaka,signer_JS,30.0,expert_vocab_example_draft_order,0.4
clip_7233,COPPER,COPPER,require for a retest an inspection or a certification police officers from the mining unit have seized five containers of copper minerals at the Port of,signer_JS,30.0,expert_vocab_example_draft_order,0.4
