value,description
ABDUCT,id=0
ABOUT,id=1
ABOVE,id=2
ABUSE,id=3
ACCEPT,id=4
ACCESS,id=5
ACCORDING,id=6
ACCOUNTABLE,id=7
ACCUSE,id=8
ACHIEVE,id=9
ACROSS,id=10
ACT,id=11
ACTION,id=12
ACTIVE,id=13
ACTIVIST,id=14
ACTIVITY,id=15
ADD,id=16
AFFECT,id=17
AFRICA,id=18
AGAIN,id=19
AGAINST,id=20
AGE,id=21
AGENCY,id=22
AGREE,id=23
AGREEMENT,id=24
AGRICULTURE,id=25
AIM,id=26
ALERT,id=27
ALLOW,id=28
ALMOST,id=29
ALWAYS,id=30
AMONG,id=31
ANGER,id=32
ANGRY,id=33
ANNOUNCE,id=34
ANSWER,id=35
ANY,id=36
AREA,id=37
ARREST,id=38
ARRIVE,id=39
ATTACK,id=40
ATTEND,id=41
AUTHORITY,id=42
BABY,id=43
BAD,id=44
BAG,id=45
BASE,id=46
BECOME,id=47
BEHIND,id=48
BELIEVE,id=49
BELONG,id=50
BENCH,id=51
BETTER,id=52
BETWEEN,id=53
BILLION,id=54
BIRTH,id=55
BLAME,id=56
BLOCK,id=57
BODY,id=58
BORDER,id=59
BOTH,id=60
BREAK,id=61
BRING,id=62
BUDGET,id=63
BUILD,id=64
BUILDING,id=65
BULLET,id=66
BURDEN,id=67
BUSINESS,id=68
BUY,id=69
CALL,id=70
CAN,id=71
CANNOT,id=72
CAR,id=73
CARE,id=74
CAREFUL,id=75
CARRY,id=76
CAUSE,id=77
CELEBRATE,id=78
CENSUS,id=79
CENTRE,id=80
CERTIFICATE,id=81
CHAIR,id=82
CHAMPION,id=83
CHANCE,id=84
CHAOS,id=85
CHARGE,id=86
CHIEF,id=87
CHILD,id=88
CHOOSE,id=89
CITY,id=90
CLAIM,id=91
CLEAR,id=92
CLOSE,id=93
COLLECT,id=94
COME,id=95
COMMISSION,id=96
COMMUNITY,id=97
COMPANY,id=98
COMPARE,id=99
COMPLAIN,id=100
COMPLAINT,id=101
CONDEMN,id=102
CONFIRM,id=103
CONFLICT,id=104
CONGREGATION,id=105
CONSTITUENCY,id=106
CONSTITUTION,id=107
CONSTRUCTION,id=108
CONTRIBUTE,id=109
CONTROL,id=110
CONVERSATION,id=111
COPPER,id=112
CORRUPTION,id=113
COST,id=114
COURT,id=115
CREATE,id=116
CRIME,id=117
CRIMINAL,id=118
CRISIS,id=119
CRITICISE,id=120
CUT,id=121
DAILY,id=122
DANCE,id=123
DANGER,id=124
DATA,id=125
DAUGHTER,id=126
DEATH,id=127
DEBT,id=128
DECIDE,id=129
DECISION,id=130
DEDUCTION,id=131
DEEP,id=132
DELAY,id=133
DEMAND,id=134
DEPEND,id=135
DEPUTY,id=136
DESTROY,id=137
DETAIL,id=138
DEVELOP,id=139
DIE,id=140
DIFFERENT,id=141
DIFFICULT,id=142
DIRECT,id=143
DISAPPEAR,id=144
DISEASE,id=145
DISPUTE,id=146
DIVIDE,id=147
DOCTOR,id=148
DRIVE,id=149
EACH,id=150
EARLY,id=151
EAST,id=152
EASTER,id=153
EASY,id=154
ECONOMY,id=155
EDUCATION,id=156
EFFORT,id=157
EIGHT,id=158
ELECTION,id=159
EMBASSY,id=160
END,id=161
ENEMY,id=162
ENGAGE,id=163
ENOUGH,id=164
ENTER,id=165
ENTERTAIN,id=166
ENVIRONMENT,id=167
EQUAL,id=168
ESPECIALLY,id=169
ESTATE,id=170
EVENING,id=171
EVENT,id=172
EVERY,id=173
EVIDENCE,id=174
EXAMPLE,id=175
EXPAND,id=176
EXPECT,id=177
EXPERIENCE,id=178
EXPERT,id=179
EXPLAIN,id=180
EYE,id=181
FACE,id=182
FAIL,id=183
FALL,id=184
FAN,id=185
FAR,id=186
FARMER,id=187
FATHER,id=188
FEAR,id=189
FEEL,id=190
FELLOW,id=191
FERTILISER,id=192
FEW,id=193
FIGHT,id=194
FILE,id=195
FINAL,id=196
FIND,id=197
FINISH,id=198
FINISH-NOT,id=199
FIRST,id=200
FIVE,id=201
FLAG,id=202
FLY,id=203
FOLLOW,id=204
FOR,id=205
FORCE,id=206
FOREIGN,id=207
FOREST,id=208
FORMAL,id=209
FOUR,id=210
FREE,id=211
FRIDAY,id=212
FRIEND,id=213
FRUSTRATE,id=214
FS-ARV,id=215
FS-HIV,id=216
FS-LINDA-MAMA,id=217
FS-SOG,id=218
FULL,id=219
FUTURE,id=220
GATHER,id=221
GENERATION,id=222
GET,id=223
GIRL,id=224
GLOBAL,id=225
GO,id=226
GOAL,id=227
GOD,id=228
GOLD,id=229
GOOD,id=230
GOVERN,id=231
GOVERNOR,id=232
GROUND,id=233
GROUP,id=234
GROW,id=235
GUN,id=236
HAND,id=237
HANDLE,id=238
HAPPEN,id=239
HARD,id=240
HASHTAG,id=241
HEAD,id=242
HEALTH,id=243
HEAR,id=244
HEAVY,id=245
HELP,id=246
HER,id=247
HIDE,id=248
HIGH,id=249
HIGH-SCHOOL,id=250
HIM,id=251
HOLD,id=252
HOPE,id=253
HOSPITAL,id=254
HOST,id=255
HOUR,id=256
HOUSE,id=257
HOUSEHOLD,id=258
HOW,id=259
HUMAN,id=260
IF,id=261
ILLEGAL,id=262
IMPACT,id=263
IMPORTANT,id=264
IMPROVE,id=265
INCLUDE,id=266
INCOME,id=267
INCREASE,id=268
INDUSTRY,id=269
INFRASTRUCTURE,id=270
INSIDE,id=271
INTELLIGENCE,id=272
INTERNATIONAL,id=273
INVEST,id=274
INVESTIGATE,id=275
INVESTIGATION,id=276
ISSUE,id=277
JOB,id=278
JOIN,id=279
JOURNEY,id=280
JUDGE,id=281
JUNE,id=282
JUSTICE,id=283
KEEP,id=284
KEY,id=285
KILL,id=286
KILOMETRE,id=287
KNOW,id=288
LAND,id=289
LAST,id=290
LATE,id=291
LAW,id=292
LAWYER,id=293
LEAD,id=294
LEADER,id=295
LEADERSHIP,id=296
LEARN,id=297
LEAVE,id=298
LEG,id=299
LESS,id=300
LIFE,id=301
LIKE,id=302
LINE,id=303
LIONESS,id=304
LISTEN,id=305
LIVE,id=306
LOCAL,id=307
LONG,id=308
LOOK,id=309
LOSE,id=310
LOVE,id=311
MAKE,id=312
MAN,id=313
MANAGE,id=314
MARK,id=315
MARKET,id=316
MASS,id=317
MATCH,id=318
MAYBE,id=319
MEAN,id=320
MEDIA,id=321
MEDICINE,id=322
MEET,id=323
MEETING,id=324
MEMBER,id=325
METHOD,id=326
MIDDLE,id=327
MILLION,id=328
MINER,id=329
MINIMUM,id=330
MINISTER,id=331
MINISTRY,id=332
MINUTE,id=333
MISSING,id=334
MISSION,id=335
MOMENT,id=336
MONTH,id=337
MORNING,id=338
MOST,id=339
MOTHER,id=340
MOVE,id=341
MUCH,id=342
MURDER,id=343
MUSIC,id=344
MY,id=345
NAME,id=346
NATION,id=347
NATIONAL,id=348
NEAR,id=349
NEED,id=350
NEIGHBOUR,id=351
NEWS,id=352
NEXT,id=353
NIGHT,id=354
NO,id=355
NORMAL,id=356
NORTH,id=357
NUMBER,id=358
OFFICE,id=359
OFFICER,id=360
OFFICIAL,id=361
OFTEN,id=362
OK,id=363
OLD,id=364
ON,id=365
OPEN,id=366
OPERATION,id=367
OPPOSITION,id=368
OR,id=369
ORDER,id=370
ORGANISE,id=371
OWNER,id=372
PARENT,id=373
PARLIAMENT,id=374
PART,id=375
PARTNER,id=376
PARTY,id=377
PASS,id=378
PAST,id=379
PASTOR,id=380
PATIENT,id=381
PAY,id=382
PEACE,id=383
PLACE,id=384
PLAN,id=385
PLASTIC,id=386
PLAY,id=387
PLUS,id=388
POINT,id=389
POLITICIAN,id=390
POLITICS,id=391
POOR,id=392
POPE,id=393
POPULATION,id=394
POSITION,id=395
POWER,id=396
PREGNANT,id=397
PREPARE,id=398
PRESENTER,id=399
PREVENT,id=400
PRICE,id=401
PRIMARY,id=402
PRIVATE,id=403
PROBLEM,id=404
PROGRAMME,id=405
PROGRESS,id=406
PROJECT,id=407
PROMISE,id=408
PROPERTY,id=409
PROSECUTION,id=410
PROTECT,id=411
PROTEST,id=412
PROTESTER,id=413
PUBLIC,id=414
PUPIL,id=415
PURPOSE,id=416
PUSH,id=417
PUT,id=418
QUALIFY,id=419
QUESTION,id=420
QUICK,id=421
QUIET,id=422
RADIO,id=423
RAISE,id=424
REACH,id=425
READY,id=426
REASON,id=427
RECEIVE,id=428
RECENT,id=429
RECORD,id=430
RECOVER,id=431
RECRUIT,id=432
REDUCE,id=433
REFUSE,id=434
REGION,id=435
REGISTER,id=436
RELEASE,id=437
REMEMBER,id=438
REMOVE,id=439
REPLACE,id=440
REPORTER,id=441
RESCUE,id=442
RESEARCH,id=443
RESOURCE,id=444
RESPONSIBILITY,id=445
RESPONSIBLE,id=446
RESULT,id=447
RETURN,id=448
REVENUE,id=449
RIGHT,id=450
RISE,id=451
RISK,id=452
ROAD,id=453
RULE,id=454
SAD,id=455
SAFE,id=456
SALARY,id=457
SAME,id=458
SATURDAY,id=459
SAVE,id=460
SCHEME,id=461
SEARCH,id=462
SEASON,id=463
SECOND,id=464
SECRET,id=465
SECTOR,id=466
SECURITY,id=467
SELF,id=468
SEND,id=469
SERIOUS,id=470
SERVE,id=471
SERVICE,id=472
SET,id=473
SEVEN,id=474
SEX,id=475
SHARE,id=476
SHE,id=477
SHORT,id=478
SICK,id=479
SIDE,id=480
SINCE,id=481
SIT,id=482
SITUATION,id=483
SIX,id=484
SLOW,id=485
SMALL,id=486
SOLUTION,id=487
SOLVE,id=488
SOME,id=489
SOMETIME,id=490
SON,id=491
SOUTH,id=492
SPACE,id=493
SPEAK,id=494
SPECIAL,id=495
SPEND,id=496
SPOIL,id=497
SPORT,id=498
SPREAD,id=499
STADIUM,id=500
STAKEHOLDER,id=501
STATE,id=502
STATEMENT,id=503
STATION,id=504
STAY,id=505
STILL,id=506
STOP,id=507
STORY,id=508
STRIKE,id=509
STRONG,id=510
STRUGGLE,id=511
STUDENT,id=512
STUDY,id=513
SUFFER,id=514
SUMMIT,id=515
SUNDAY,id=516
SUPPORT,id=517
SURE,id=518
SUSPECT,id=519
SUSTAIN,id=520
SYSTEM,id=521
TAKE,id=522
TARGET,id=523
TAX,id=524
TEACH,id=525
TEACHER,id=526
TEAM,id=527
TEAR-GAS,id=528
TECHNOLOGY,id=529
TELEVISION,id=530
TELL,id=531
TEMPORARY,id=532
TERM,id=533
TERROR,id=534
TEST,id=535
THAT,id=536
THEN,id=537
THERE,id=538
THEREFORE,id=539
THING,id=540
THINK,id=541
THREE,id=542
THROUGH,id=543
THURSDAY,id=544
TODAY,id=545
TOGETHER,id=546
TONIGHT,id=547
TOP,id=548
TOTAL,id=549
TOUR,id=550
TRADE,id=551
TRAIN,id=552
TRAINING,id=553
TRAP,id=554
TRAVEL,id=555
TREASURY,id=556
TREAT,id=557
TREATMENT,id=558
TRUE,id=559
TRUST,id=560
TRY,id=561
UNDER,id=562
UNIT,id=563
UNITE,id=564
UNITY,id=565
UNTIL,id=566
US,id=567
USE,id=568
VALUE,id=569
VERSUS,id=570
VERY,id=571
VICTIM,id=572
VILLAGE,id=573
VISIT,id=574
VOICE,id=575
VOTE,id=576
VOTER,id=577
WAIT,id=578
WALK,id=579
WAR,id=580
WARN,id=581
WASTE,id=582
WATCH,id=583
WATER,id=584
WAY,id=585
WEAK,id=586
WEAPON,id=587
WEEK,id=588
WELCOME,id=589
WHAT,id=590
WHO,id=591
WIDE,id=592
WILDLIFE,id=593
WILL,id=594
WIN,id=595
WITH,id=596
WITNESS,id=597
WORKER,id=598
WORLD,id=599
WORRY,id=600
WORSE,id=601
WRONG,id=602
YEAR-2023,id=603
YES,id=604
YOUNG,id=605
YOUR,id=606
